{"timestamps": [1533308670.882739, 1533308670.915871, 1533308670.974506, 1533308671.019192, 1533308671.043082, 1533308671.068869], "initial_reset_timestamp": 1533308670.748339, "episode_types": ["t", "t", "t", "t", "t", "t", "t"], "episode_lengths": [17, 38, 74, 12, 39, 17], "episode_rewards": [17.0, 38.0, 74.0, 12.0, 39.0, 17.0]}